Código,Nome,Situação Cadastral,Classe
1,Ana Julia,Inativo,Pessoa Jurídica
2,Fernanda Ana,Ativo,Pessoa Física
3,Julia Maria,Ativo,Pessoa Física
4,Carla Ana,Inativo,Pessoa Física
5,Ana João,Ativo,Pessoa Física
6,Fernanda Maria,Inativo,Pessoa Jurídica
7,Lucas Julia,Ativo,Pessoa Física
8,Maria João,Inativo,Pessoa Jurídica
9,Ana Marcos,Ativo,Pessoa Jurídica
10,Maria Julia,Ativo,Pessoa Jurídica
11,Ricardo Julia,Ativo,Pessoa Física
12,Pedro Ricardo,Ativo,Pessoa Jurídica
13,João Ricardo,Inativo,Pessoa Física
14,Fernanda Pedro,Inativo,Pessoa Física
15,Ana Julia,Inativo,Pessoa Jurídica
16,Ana Pedro,Ativo,Pessoa Física
17,Lucas Julia,Inativo,Pessoa Jurídica
18,Julia Lucas,Inativo,Pessoa Jurídica
19,Fernanda Ana,Ativo,Pessoa Jurídica
20,João Ricardo,Inativo,Pessoa Jurídica
21,Fernanda Lucas,Ativo,Pessoa Física
22,Fernanda Fernanda,Inativo,Pessoa Jurídica
23,Lucas Ricardo,Ativo,Pessoa Física
24,Julia Ana,Ativo,Pessoa Física
25,Ricardo Carla,Inativo,Pessoa Jurídica
26,Ricardo Ana,Ativo,Pessoa Física
27,João Julia,Ativo,Pessoa Física
28,Fernanda Maria,Ativo,Pessoa Jurídica
29,Ana Maria,Inativo,Pessoa Física
30,Ricardo Ana,Ativo,Pessoa Jurídica
31,Carla Pedro,Ativo,Pessoa Jurídica
32,Marcos Maria,Ativo,Pessoa Física
33,Maria João,Inativo,Pessoa Jurídica
34,Lucas Ana,Ativo,Pessoa Jurídica
35,Maria Carla,Inativo,Pessoa Física
36,Maria Julia,Ativo,Pessoa Jurídica
37,Julia Fernanda,Ativo,Pessoa Física
38,João Ana,Inativo,Pessoa Física
39,Marcos Ana,Ativo,Pessoa Física
40,Lucas Ricardo,Inativo,Pessoa Jurídica
41,João Fernanda,Ativo,Pessoa Física
42,Lucas Pedro,Inativo,Pessoa Jurídica
43,Ricardo Pedro,Ativo,Pessoa Física
44,Marcos Lucas,Ativo,Pessoa Física
45,Ricardo Lucas,Ativo,Pessoa Jurídica
46,Pedro Ana,Ativo,Pessoa Jurídica
47,Ana Ana,Inativo,Pessoa Jurídica
48,Pedro Julia,Inativo,Pessoa Física
49,Pedro Maria,Ativo,Pessoa Física
50,Marcos Marcos,Inativo,Pessoa Física
51,Ricardo Carla,Ativo,Pessoa Jurídica
52,Fernanda Pedro,Ativo,Pessoa Física
53,Ana Carla,Inativo,Pessoa Jurídica
54,Marcos Pedro,Inativo,Pessoa Física
55,Lucas Carla,Inativo,Pessoa Jurídica
56,Ricardo Pedro,Inativo,Pessoa Física
57,Julia Ana,Inativo,Pessoa Física
58,Lucas Julia,Inativo,Pessoa Física
59,Lucas Ricardo,Inativo,Pessoa Física
60,Ana Pedro,Ativo,Pessoa Jurídica
61,Ana Fernanda,Ativo,Pessoa Física
62,João Marcos,Inativo,Pessoa Jurídica
63,Pedro Julia,Ativo,Pessoa Física
64,Maria Marcos,Ativo,Pessoa Jurídica
65,Pedro Ricardo,Ativo,Pessoa Jurídica
66,Fernanda Fernanda,Ativo,Pessoa Jurídica
67,Ana Pedro,Inativo,Pessoa Jurídica
68,Pedro Lucas,Ativo,Pessoa Física
69,Lucas Lucas,Inativo,Pessoa Física
70,Pedro Carla,Inativo,Pessoa Física
71,Marcos Pedro,Ativo,Pessoa Física
72,Lucas Julia,Ativo,Pessoa Física
73,Carla Pedro,Ativo,Pessoa Física
74,Ana Fernanda,Ativo,Pessoa Jurídica
75,Fernanda Fernanda,Inativo,Pessoa Física
76,Fernanda Ana,Ativo,Pessoa Física
77,Ricardo João,Inativo,Pessoa Jurídica
78,Lucas Pedro,Ativo,Pessoa Jurídica
79,Maria Pedro,Ativo,Pessoa Jurídica
80,Lucas Julia,Ativo,Pessoa Jurídica
81,Pedro Maria,Inativo,Pessoa Jurídica
82,Marcos João,Inativo,Pessoa Jurídica
83,Ana Maria,Ativo,Pessoa Jurídica
84,Pedro Ana,Inativo,Pessoa Jurídica
85,Carla Maria,Ativo,Pessoa Jurídica
86,Julia Marcos,Ativo,Pessoa Jurídica
87,Marcos Marcos,Inativo,Pessoa Jurídica
88,Lucas Fernanda,Inativo,Pessoa Física
89,Carla Julia,Ativo,Pessoa Física
90,Lucas Julia,Inativo,Pessoa Jurídica
91,Lucas João,Inativo,Pessoa Jurídica
92,João Fernanda,Inativo,Pessoa Física
93,Ricardo Julia,Ativo,Pessoa Jurídica
94,Maria Ricardo,Ativo,Pessoa Física
95,Pedro Fernanda,Ativo,Pessoa Jurídica
96,João Julia,Inativo,Pessoa Jurídica
97,Carla Maria,Inativo,Pessoa Jurídica
98,Ricardo Lucas,Ativo,Pessoa Física
99,Ana Julia,Inativo,Pessoa Jurídica
100,Pedro Pedro,Inativo,Pessoa Física
101,Ana Fernanda,Inativo,Pessoa Jurídica
102,Maria Pedro,Ativo,Pessoa Jurídica
103,Lucas Ana,Inativo,Pessoa Jurídica
104,Marcos Julia,Inativo,Pessoa Física
105,Fernanda Pedro,Inativo,Pessoa Física
106,Maria Ricardo,Ativo,Pessoa Jurídica
107,Lucas João,Ativo,Pessoa Física
108,Marcos Fernanda,Ativo,Pessoa Física
109,Julia Marcos,Ativo,Pessoa Jurídica
110,Pedro Carla,Inativo,Pessoa Física
111,Carla Julia,Inativo,Pessoa Jurídica
112,Julia Maria,Ativo,Pessoa Jurídica
113,Carla Pedro,Ativo,Pessoa Jurídica
114,Pedro Ricardo,Ativo,Pessoa Jurídica
115,Ricardo Maria,Ativo,Pessoa Jurídica
116,Ricardo Pedro,Ativo,Pessoa Jurídica
117,Pedro Fernanda,Ativo,Pessoa Jurídica
118,Lucas Ricardo,Ativo,Pessoa Jurídica
119,Fernanda Carla,Inativo,Pessoa Jurídica
120,Pedro Carla,Inativo,Pessoa Física
121,Marcos Pedro,Ativo,Pessoa Física
122,Julia Ana,Inativo,Pessoa Jurídica
123,Julia João,Inativo,Pessoa Física
124,Maria Lucas,Inativo,Pessoa Física
125,Fernanda Marcos,Ativo,Pessoa Física
126,Julia Maria,Ativo,Pessoa Jurídica
127,Maria Marcos,Ativo,Pessoa Física
128,Maria Lucas,Ativo,Pessoa Física
129,Pedro Marcos,Ativo,Pessoa Jurídica
130,Maria Ana,Inativo,Pessoa Jurídica
131,Julia Marcos,Inativo,Pessoa Física
132,Ricardo Marcos,Inativo,Pessoa Física
133,Ricardo Carla,Inativo,Pessoa Jurídica
134,Pedro Lucas,Inativo,Pessoa Física
135,Carla Carla,Inativo,Pessoa Jurídica
136,Marcos João,Ativo,Pessoa Jurídica
137,Fernanda Pedro,Ativo,Pessoa Física
138,Ana Maria,Inativo,Pessoa Jurídica
139,João Julia,Ativo,Pessoa Jurídica
140,Pedro Marcos,Inativo,Pessoa Jurídica
141,Marcos Julia,Ativo,Pessoa Física
142,João João,Ativo,Pessoa Jurídica
143,Ricardo Maria,Ativo,Pessoa Jurídica
144,Lucas Lucas,Inativo,Pessoa Jurídica
145,Julia Lucas,Inativo,Pessoa Jurídica
146,Maria João,Ativo,Pessoa Física
147,Pedro Marcos,Inativo,Pessoa Jurídica
148,Lucas Marcos,Inativo,Pessoa Jurídica
149,Carla Pedro,Ativo,Pessoa Jurídica
150,Ricardo Maria,Inativo,Pessoa Jurídica
151,Ricardo João,Inativo,Pessoa Física
152,Carla Lucas,Inativo,Pessoa Jurídica
153,Pedro Marcos,Inativo,Pessoa Jurídica
154,João Ricardo,Inativo,Pessoa Física
155,Pedro Ana,Ativo,Pessoa Física
156,Pedro Ana,Ativo,Pessoa Física
157,Lucas Maria,Ativo,Pessoa Física
158,Maria Fernanda,Ativo,Pessoa Jurídica
159,Lucas Pedro,Inativo,Pessoa Jurídica
160,Lucas Ana,Inativo,Pessoa Física
161,Pedro Lucas,Ativo,Pessoa Jurídica
162,Marcos Ana,Inativo,Pessoa Jurídica
163,João Fernanda,Inativo,Pessoa Física
164,Julia Pedro,Ativo,Pessoa Física
165,Maria João,Inativo,Pessoa Jurídica
166,Maria Lucas,Ativo,Pessoa Jurídica
167,Pedro Fernanda,Inativo,Pessoa Jurídica
168,Marcos Ricardo,Ativo,Pessoa Física
169,Ana Lucas,Ativo,Pessoa Física
170,Ana Pedro,Inativo,Pessoa Jurídica
171,Lucas Julia,Inativo,Pessoa Física
172,Julia Maria,Inativo,Pessoa Jurídica
173,Pedro Marcos,Ativo,Pessoa Jurídica
174,Pedro Fernanda,Ativo,Pessoa Jurídica
175,Lucas Fernanda,Ativo,Pessoa Física
176,Marcos João,Inativo,Pessoa Física
177,Marcos Julia,Inativo,Pessoa Física
178,Maria Lucas,Ativo,Pessoa Jurídica
179,Carla Carla,Inativo,Pessoa Jurídica
180,Carla Marcos,Ativo,Pessoa Física
181,Lucas Lucas,Ativo,Pessoa Jurídica
182,João Lucas,Ativo,Pessoa Física
183,Julia Ricardo,Ativo,Pessoa Física
184,Marcos Carla,Ativo,Pessoa Física
185,João Carla,Ativo,Pessoa Física
186,João Ricardo,Inativo,Pessoa Física
187,Lucas João,Inativo,Pessoa Física
188,Carla Lucas,Inativo,Pessoa Jurídica
189,Julia Ana,Inativo,Pessoa Jurídica
190,Fernanda Carla,Inativo,Pessoa Física
191,Ricardo Julia,Ativo,Pessoa Jurídica
192,Pedro Maria,Inativo,Pessoa Jurídica
193,Marcos Lucas,Inativo,Pessoa Física
194,Julia Lucas,Ativo,Pessoa Física
195,Lucas Marcos,Ativo,Pessoa Física
196,Ricardo Fernanda,Inativo,Pessoa Física
197,Marcos Marcos,Ativo,Pessoa Física
198,João Pedro,Ativo,Pessoa Física
199,Fernanda Carla,Ativo,Pessoa Física
200,Marcos Lucas,Ativo,Pessoa Jurídica
201,Ricardo Fernanda,Ativo,Pessoa Jurídica
202,Maria Ricardo,Inativo,Pessoa Física
203,Pedro Lucas,Inativo,Pessoa Jurídica
204,Ricardo Maria,Inativo,Pessoa Física
205,Ricardo Ana,Ativo,Pessoa Física
206,Maria Carla,Inativo,Pessoa Jurídica
207,Ricardo João,Inativo,Pessoa Física
208,Fernanda Ricardo,Inativo,Pessoa Física
209,João Pedro,Inativo,Pessoa Jurídica
210,Maria Ana,Ativo,Pessoa Jurídica
211,Carla Maria,Ativo,Pessoa Física
212,Carla Lucas,Inativo,Pessoa Jurídica
213,Marcos Marcos,Inativo,Pessoa Jurídica
214,Fernanda Julia,Inativo,Pessoa Física
215,João Julia,Ativo,Pessoa Física
216,Marcos Ricardo,Ativo,Pessoa Jurídica
217,Fernanda Julia,Ativo,Pessoa Física
218,Ricardo João,Ativo,Pessoa Jurídica
219,Maria Maria,Inativo,Pessoa Jurídica
220,Ana João,Ativo,Pessoa Jurídica
221,João Fernanda,Inativo,Pessoa Física
222,Marcos Maria,Ativo,Pessoa Física
223,Maria Ana,Inativo,Pessoa Física
224,Ana João,Ativo,Pessoa Física
225,Fernanda Maria,Inativo,Pessoa Jurídica
226,Carla Lucas,Ativo,Pessoa Jurídica
227,João João,Inativo,Pessoa Física
228,Fernanda Lucas,Ativo,Pessoa Física
229,João Ricardo,Inativo,Pessoa Jurídica
230,Carla Carla,Ativo,Pessoa Jurídica
231,Pedro Ana,Ativo,Pessoa Física
232,Lucas Fernanda,Ativo,Pessoa Física
233,João Julia,Ativo,Pessoa Física
234,Carla Carla,Inativo,Pessoa Física
235,Carla Julia,Ativo,Pessoa Jurídica
236,Fernanda Julia,Ativo,Pessoa Física
237,Julia Carla,Inativo,Pessoa Jurídica
238,João Maria,Ativo,Pessoa Jurídica
239,Ana Pedro,Inativo,Pessoa Física
240,Julia João,Ativo,Pessoa Física
241,Carla Ana,Inativo,Pessoa Física
242,João Pedro,Inativo,Pessoa Jurídica
243,Ricardo Julia,Inativo,Pessoa Jurídica
244,João Ana,Inativo,Pessoa Física
245,Ana Ricardo,Inativo,Pessoa Jurídica
246,Maria Maria,Inativo,Pessoa Física
247,Julia Fernanda,Ativo,Pessoa Jurídica
248,João Ana,Ativo,Pessoa Jurídica
249,Carla Carla,Ativo,Pessoa Jurídica
250,Julia Julia,Inativo,Pessoa Física
251,Ana Ana,Ativo,Pessoa Jurídica
252,Lucas Lucas,Inativo,Pessoa Física
253,Maria Ricardo,Inativo,Pessoa Jurídica
254,Lucas Ricardo,Ativo,Pessoa Jurídica
255,Ana Ana,Ativo,Pessoa Jurídica
256,Ana Marcos,Inativo,Pessoa Jurídica
257,Marcos João,Ativo,Pessoa Jurídica
258,Ana Ana,Ativo,Pessoa Jurídica
259,Julia Julia,Ativo,Pessoa Jurídica
260,Fernanda Pedro,Ativo,Pessoa Jurídica
261,Fernanda Carla,Ativo,Pessoa Jurídica
262,Maria Maria,Ativo,Pessoa Jurídica
263,Ana Maria,Ativo,Pessoa Física
264,Julia Lucas,Inativo,Pessoa Jurídica
265,Julia Marcos,Ativo,Pessoa Física
266,Lucas Marcos,Ativo,Pessoa Jurídica
267,Maria Ana,Ativo,Pessoa Física
268,João Lucas,Ativo,Pessoa Física
269,João Ana,Ativo,Pessoa Física
270,Maria Fernanda,Ativo,Pessoa Jurídica
271,Lucas João,Inativo,Pessoa Física
272,Julia Fernanda,Inativo,Pessoa Jurídica
273,Lucas Ana,Ativo,Pessoa Física
274,Maria Carla,Inativo,Pessoa Física
275,Ana João,Ativo,Pessoa Jurídica
276,Lucas Lucas,Inativo,Pessoa Física
277,João Marcos,Inativo,Pessoa Física
278,Julia Carla,Ativo,Pessoa Física
279,Lucas Maria,Inativo,Pessoa Física
280,Fernanda João,Ativo,Pessoa Jurídica
281,Lucas Marcos,Inativo,Pessoa Física
282,Marcos Maria,Ativo,Pessoa Física
283,Pedro Carla,Ativo,Pessoa Jurídica
284,Maria Carla,Inativo,Pessoa Jurídica
285,Carla Carla,Ativo,Pessoa Jurídica
286,Fernanda João,Inativo,Pessoa Física
287,Marcos Ana,Inativo,Pessoa Jurídica
288,Fernanda Ana,Ativo,Pessoa Jurídica
289,Marcos Ricardo,Ativo,Pessoa Física
290,Maria Marcos,Ativo,Pessoa Jurídica
291,Fernanda Julia,Ativo,Pessoa Jurídica
292,Carla Ana,Inativo,Pessoa Jurídica
293,Ricardo Ricardo,Inativo,Pessoa Física
294,Julia Carla,Ativo,Pessoa Jurídica
295,Marcos João,Inativo,Pessoa Física
296,Pedro Maria,Inativo,Pessoa Física
297,Maria Lucas,Ativo,Pessoa Jurídica
298,Marcos Lucas,Ativo,Pessoa Jurídica
299,Ricardo Fernanda,Ativo,Pessoa Jurídica
300,Carla Ana,Inativo,Pessoa Jurídica
301,Ricardo Maria,Ativo,Pessoa Jurídica
302,Carla João,Ativo,Pessoa Física
303,Carla Pedro,Inativo,Pessoa Jurídica
304,Fernanda Carla,Ativo,Pessoa Jurídica
305,Pedro Ricardo,Ativo,Pessoa Jurídica
306,Julia Julia,Ativo,Pessoa Física
307,Ana Ana,Inativo,Pessoa Jurídica
308,Lucas Ricardo,Inativo,Pessoa Jurídica
309,João Ricardo,Inativo,Pessoa Física
310,Maria Ricardo,Ativo,Pessoa Física
311,Ana Julia,Ativo,Pessoa Jurídica
312,Lucas Fernanda,Inativo,Pessoa Jurídica
313,Fernanda João,Ativo,Pessoa Física
314,Lucas Julia,Inativo,Pessoa Física
315,Julia Julia,Ativo,Pessoa Física
316,Marcos Lucas,Ativo,Pessoa Física
317,Julia Ricardo,Ativo,Pessoa Jurídica
318,Marcos Maria,Ativo,Pessoa Jurídica
319,Julia Lucas,Inativo,Pessoa Física
320,Maria João,Inativo,Pessoa Jurídica
321,Fernanda Ana,Ativo,Pessoa Física
322,João Fernanda,Ativo,Pessoa Física
323,João Carla,Inativo,Pessoa Física
324,Maria Ana,Inativo,Pessoa Física
325,Fernanda João,Ativo,Pessoa Física
326,João Marcos,Ativo,Pessoa Jurídica
327,Julia Ricardo,Inativo,Pessoa Física
328,Pedro João,Inativo,Pessoa Física
329,Maria Maria,Inativo,Pessoa Física
330,Maria Fernanda,Ativo,Pessoa Física
331,Marcos Carla,Inativo,Pessoa Jurídica
332,Ricardo Marcos,Inativo,Pessoa Física
333,Ricardo Pedro,Ativo,Pessoa Física
334,João Ricardo,Ativo,Pessoa Jurídica
335,Ana Ricardo,Ativo,Pessoa Jurídica
336,Ricardo Maria,Ativo,Pessoa Jurídica
337,Fernanda Carla,Inativo,Pessoa Jurídica
338,Ana João,Inativo,Pessoa Jurídica
339,Ana Fernanda,Inativo,Pessoa Física
340,Julia Ana,Ativo,Pessoa Física
341,João Pedro,Ativo,Pessoa Jurídica
342,João Ana,Ativo,Pessoa Física
343,Ricardo João,Ativo,Pessoa Física
344,Maria Lucas,Inativo,Pessoa Jurídica
345,Maria Maria,Inativo,Pessoa Física
346,Ricardo Lucas,Inativo,Pessoa Jurídica
347,Pedro Ricardo,Inativo,Pessoa Jurídica
348,Carla Pedro,Inativo,Pessoa Jurídica
349,Fernanda Pedro,Inativo,Pessoa Jurídica
350,Lucas Fernanda,Ativo,Pessoa Jurídica
351,Ana Carla,Ativo,Pessoa Jurídica
352,Julia Fernanda,Inativo,Pessoa Jurídica
353,Pedro Carla,Ativo,Pessoa Física
354,Ricardo João,Inativo,Pessoa Jurídica
355,João Marcos,Inativo,Pessoa Jurídica
356,João Pedro,Inativo,Pessoa Jurídica
357,Lucas Ana,Inativo,Pessoa Física
358,Pedro Maria,Inativo,Pessoa Jurídica
359,Ricardo Carla,Inativo,Pessoa Jurídica
360,Ana Pedro,Inativo,Pessoa Jurídica
361,Ana Julia,Ativo,Pessoa Física
362,Pedro Julia,Ativo,Pessoa Jurídica
363,Ana João,Inativo,Pessoa Jurídica
364,Ricardo Carla,Inativo,Pessoa Jurídica
365,Lucas Lucas,Ativo,Pessoa Física
366,Lucas Pedro,Ativo,Pessoa Física
367,Carla Ana,Ativo,Pessoa Física
368,Ana Pedro,Inativo,Pessoa Física
369,Julia Pedro,Ativo,Pessoa Física
370,Carla Marcos,Inativo,Pessoa Jurídica
371,Carla Ana,Inativo,Pessoa Física
372,Fernanda Maria,Ativo,Pessoa Física
373,Ricardo Fernanda,Ativo,Pessoa Jurídica
374,Ana Marcos,Inativo,Pessoa Física
375,Carla João,Inativo,Pessoa Física
376,Ricardo Ana,Ativo,Pessoa Física
377,Marcos Ana,Ativo,Pessoa Jurídica
378,Ricardo João,Ativo,Pessoa Física
379,Julia Ricardo,Inativo,Pessoa Física
380,Pedro Lucas,Ativo,Pessoa Física
381,João Julia,Inativo,Pessoa Física
382,João Lucas,Inativo,Pessoa Física
383,Fernanda Ricardo,Inativo,Pessoa Jurídica
384,Julia Maria,Inativo,Pessoa Jurídica
385,João Maria,Inativo,Pessoa Física
386,Carla Pedro,Ativo,Pessoa Jurídica
387,João Carla,Ativo,Pessoa Jurídica
388,Ricardo Lucas,Ativo,Pessoa Jurídica
389,Carla João,Inativo,Pessoa Física
390,Marcos Maria,Inativo,Pessoa Jurídica
391,Ricardo Ana,Inativo,Pessoa Jurídica
392,Fernanda Julia,Ativo,Pessoa Jurídica
393,Pedro Lucas,Ativo,Pessoa Física
394,Carla Carla,Inativo,Pessoa Física
395,João Fernanda,Ativo,Pessoa Física
396,Julia Marcos,Inativo,Pessoa Física
397,Marcos Pedro,Inativo,Pessoa Física
398,Fernanda Ana,Inativo,Pessoa Física
399,Julia João,Ativo,Pessoa Física
400,Lucas Fernanda,Inativo,Pessoa Jurídica
401,Carla Marcos,Ativo,Pessoa Física
402,Marcos Julia,Inativo,Pessoa Jurídica
403,Ana Carla,Inativo,Pessoa Física
404,Maria Ana,Inativo,Pessoa Jurídica
405,Pedro Ana,Inativo,Pessoa Física
406,João Marcos,Ativo,Pessoa Jurídica
407,Fernanda Ana,Inativo,Pessoa Física
408,João Lucas,Ativo,Pessoa Jurídica
409,Marcos Pedro,Ativo,Pessoa Física
410,Ana Carla,Inativo,Pessoa Jurídica
411,Marcos Maria,Ativo,Pessoa Física
412,João Ricardo,Ativo,Pessoa Jurídica
413,Lucas Fernanda,Inativo,Pessoa Física
414,Pedro Marcos,Ativo,Pessoa Física
415,Fernanda Carla,Ativo,Pessoa Física
416,Marcos Julia,Ativo,Pessoa Jurídica
417,Carla João,Inativo,Pessoa Física
418,João Lucas,Inativo,Pessoa Física
419,Ricardo João,Inativo,Pessoa Física
420,Ana Marcos,Ativo,Pessoa Física
421,Lucas Marcos,Inativo,Pessoa Física
422,Pedro Carla,Ativo,Pessoa Física
423,João João,Ativo,Pessoa Jurídica
424,Ana Carla,Ativo,Pessoa Jurídica
425,Marcos Ricardo,Inativo,Pessoa Jurídica
426,Ricardo Maria,Ativo,Pessoa Jurídica
427,Ricardo Carla,Inativo,Pessoa Física
428,Ana Fernanda,Inativo,Pessoa Física
429,Carla Pedro,Ativo,Pessoa Física
430,Ana Ricardo,Inativo,Pessoa Física
431,Lucas Carla,Inativo,Pessoa Jurídica
432,Ricardo Lucas,Ativo,Pessoa Física
433,Pedro Pedro,Inativo,Pessoa Física
434,Pedro Ricardo,Inativo,Pessoa Física
435,Carla Maria,Inativo,Pessoa Jurídica
436,Pedro Pedro,Ativo,Pessoa Física
437,João Fernanda,Ativo,Pessoa Física
438,Fernanda Carla,Inativo,Pessoa Física
439,Carla Pedro,Inativo,Pessoa Física
440,Pedro Maria,Inativo,Pessoa Jurídica
441,Lucas Carla,Inativo,Pessoa Jurídica
442,Fernanda Carla,Ativo,Pessoa Jurídica
443,Ricardo Ana,Inativo,Pessoa Jurídica
444,Lucas Marcos,Inativo,Pessoa Física
445,Maria João,Ativo,Pessoa Física
446,Lucas Maria,Ativo,Pessoa Jurídica
447,Ricardo Pedro,Ativo,Pessoa Jurídica
448,Ana Marcos,Ativo,Pessoa Jurídica
449,Pedro Pedro,Ativo,Pessoa Física
450,Marcos Julia,Ativo,Pessoa Física
451,Julia Fernanda,Ativo,Pessoa Jurídica
452,Lucas Pedro,Inativo,Pessoa Jurídica
453,Marcos Julia,Ativo,Pessoa Jurídica
454,Marcos Julia,Inativo,Pessoa Física
455,João Ana,Ativo,Pessoa Jurídica
456,Ricardo João,Inativo,Pessoa Física
457,João Ricardo,Inativo,Pessoa Jurídica
458,Carla Fernanda,Ativo,Pessoa Física
459,Ana Lucas,Inativo,Pessoa Jurídica
460,Fernanda Pedro,Inativo,Pessoa Jurídica
461,Ricardo Lucas,Inativo,Pessoa Física
462,Lucas Ricardo,Inativo,Pessoa Jurídica
463,Ana Lucas,Ativo,Pessoa Jurídica
464,Carla Lucas,Inativo,Pessoa Jurídica
465,Marcos Lucas,Inativo,Pessoa Física
466,Carla Carla,Inativo,Pessoa Jurídica
467,Julia Carla,Ativo,Pessoa Física
468,Pedro Pedro,Ativo,Pessoa Jurídica
469,Ricardo Maria,Ativo,Pessoa Jurídica
470,Ricardo Pedro,Inativo,Pessoa Jurídica
471,Ana Pedro,Ativo,Pessoa Física
472,Fernanda Pedro,Inativo,Pessoa Jurídica
473,Fernanda Ricardo,Inativo,Pessoa Física
474,João Ricardo,Ativo,Pessoa Física
475,Julia Fernanda,Inativo,Pessoa Jurídica
476,Marcos Carla,Ativo,Pessoa Física
477,Pedro Marcos,Ativo,Pessoa Jurídica
478,João João,Ativo,Pessoa Física
479,Julia Pedro,Ativo,Pessoa Jurídica
480,Pedro Fernanda,Ativo,Pessoa Física
481,Ana Ana,Ativo,Pessoa Jurídica
482,Ana Carla,Inativo,Pessoa Jurídica
483,Maria Lucas,Inativo,Pessoa Física
484,Ricardo Pedro,Ativo,Pessoa Jurídica
485,Ana Ricardo,Ativo,Pessoa Física
486,Ricardo Fernanda,Inativo,Pessoa Jurídica
487,João Ricardo,Inativo,Pessoa Física
488,Fernanda Maria,Inativo,Pessoa Física
489,Maria Fernanda,Inativo,Pessoa Física
490,Ana Julia,Inativo,Pessoa Jurídica
491,Lucas João,Inativo,Pessoa Física
492,Carla Maria,Ativo,Pessoa Jurídica
493,Lucas Pedro,Ativo,Pessoa Física
494,Ricardo Maria,Inativo,Pessoa Jurídica
495,João Lucas,Ativo,Pessoa Jurídica
496,Maria Julia,Ativo,Pessoa Física
497,Fernanda Ricardo,Ativo,Pessoa Jurídica
498,Lucas Lucas,Inativo,Pessoa Jurídica
499,Lucas Carla,Ativo,Pessoa Física
500,Marcos Julia,Inativo,Pessoa Física
